{
    "name": "StopWatch",
    "keywords": "timing, framerate, stopwatch, fps",
    "description": "Arduino library to monitor time and frame rate from any time if you want",
    "repository":
    {
        "type": "git",
        "url": "https://github.com/hideakitai/StopWatch.git"
    },
    "authors":
    {
        "name": "Hideaki Tai",
        "url": "https://github.com/hideakitai",
        "maintainer": true
    },
    "version": "0.1.6",
    "license": "MIT",
    "frameworks": "*",
    "platforms": "*"
}
